Country,Number_of_Athletes
United States,619
France,601
Australia,475
Germany,457
Japan,431
Spain,401
China,398
Italy,397
Great Britain,343
Canada,332
Netherlands,290
Brazil,290
Poland,226
New Zealand,208
Hungary,177
Belgium,177
Egypt,157
Korea,147
Argentina,143
Ireland,143
South Africa,141
Ukraine,141
Switzerland,137
Denmark,131
Sweden,125
Serbia,114
India,112
Czechia,111
Norway,109
Mexico,108
Türkiye,101
Greece,100
Romania,96
Slovenia,95
Israel,89
Colombia,88
Uzbekistan,88
Nigeria,86
Austria,84
Kazakhstan,79
Portugal,75
Kenya,74
Croatia,73
Jamaica,65
Morocco,61
Cuba,61
Chinese Taipei,60
Dominican Republic,59
Finland,57
Thailand,52
Puerto Rico,51
Lithuania,51
Chile,48
Azerbaijan,48
Algeria,46
Bulgaria,46
IR Iran,41
Ecuador,40
EOR,37
Fiji,36
"Hong Kong, China",34
Ethiopia,33
AIN,32
Mongolia,32
Venezuela,31
Zambia,31
Paraguay,29
Indonesia,29
Latvia,29
Georgia,28
Slovakia,28
Uruguay,27
Malaysia,26
Peru,26
Tunisia,26
Republic of Moldova,26
Guinea,25
Angola,25
Uganda,25
Mali,24
Samoa,24
Estonia,24
Singapore,23
Iraq,23
Philippines,22
Bahamas,19
Montenegro,19
Trinidad and Tobago,17
Kyrgyzstan,16
Guatemala,16
Vietnam,16
Armenia,15
Cyprus,15
Tajikistan,14
DPR Korea,14
South Sudan,14
Bahrain,14
Botswana,14
Luxembourg,13
Côte d'Ivoire,13
UA Emirates,13
Qatar,13
Jordan,12
Mauritius,12
Senegal,11
Eritrea,11
Kosovo,9
Kuwait,9
Ghana,9
Lebanon,9
Burkina Faso,8
Panama,8
Bermuda,8
Saudi Arabia,8
Liberia,8
Albania,8
El Salvador,8
Palestine,8
Guam,8
Rwanda,7
Cabo Verde,7
Djibouti,7
Gambia,7
Pakistan,7
Zimbabwe,7
Nepal,7
Nicaragua,7
Tanzania,7
Madagascar,7
Burundi,7
Haiti,7
Niger,7
Papua New Guinea,7
Mozambique,7
Sri Lanka,6
DR Congo,6
Grenada,6
Aruba,6
Syria,6
Cameroon,6
Libya,6
Turkmenistan,6
Afghanistan,6
Monaco,6
Vanuatu,6
Guinea-Bissau,6
Costa Rica,6
North Macedonia,6
"Virgin Islands, US",5
Guyana,5
Malta,5
San Marino,5
Benin,5
Gabon,5
Maldives,5
Antigua and Barbuda,5
Togo,5
Iceland,5
Bosnia & Herzegovina,5
Bangladesh,5
Suriname,5
Bolivia,4
Sierra Leone,4
Dominica,4
Oman,4
StVincent&Grenadines,4
Yemen,4
Centr Afric Re,4
Cayman Islands,4
Timor-Leste,4
Tonga,4
Namibia,4
Comoros,4
"Virgin Islands, B",4
Barbados,4
Honduras,4
Lao PDR,4
Sudan,4
Marshall Islands,4
Saint Lucia,4
Congo,4
Brunei Darussalam,3
Bhutan,3
Eswatini,3
Malawi,3
St Kitts and Nevis,3
Cambodia,3
Sao Tome & Principe,3
Micronesia,3
Kiribati,3
Chad,3
Seychelles,3
Equatorial Guinea,3
Palau,3
Lesotho,3
American Samoa,2
Andorra,2
Solomon Islands,2
Myanmar,2
Cook Islands,2
Tuvalu,2
Mauritania,2
Nauru,1
Liechtenstein,1
Somalia,1
Belize,1
